id,winner_model_a,winner_model_b,winner_tie
136060,0.30389255,0.29512957,0.40097797
211333,0.3809628,0.36874998,0.2502872
1233961,0.38324103,0.36928302,0.24747595
